AA,freq
E,0.05712768172668645
T,0.06200035912277472
H,0.023660985082824576
A,0.137754894179495
G,0.09632148127582138
Q,0.026678069066250608
L,0.10246994987370346
N,0.01703758415996958
Y,0.020605800889055205
S,0.04996786002058166
P,0.062220661329116404
D,0.061621997627978986
W,0.015296668608142732
K,0.020606932578471345
R,0.08399549738504299
F,0.026473610511734864
M,0.01397259199126034
V,0.08551497904111201
I,0.028834691863605773
C,0.007838080896177303
